epoch,steps,Pearson_Correlation,Spearman_Correlation
0,-1,0.9481415315386298,0.940441020347192
1,-1,0.958457921167734,0.952237673927642
2,-1,0.9604654534194559,0.9548352014912702
